{
  "main": {
    "id": "5324373015726ba8",
    "type": "split",
    "children": [
      {
        "id": "4509724f8bf84da7",
        "type": "tabs",
        "children": [
          {
            "id": "e7a7b303c61786dc",
            "type": "leaf",
            "state": {
              "type": "markdown",
              "state": {
                "file": "Game Design Document/Overview.md",
                "mode": "source",
                "source": false
              },
              "icon": "lucide-file",
              "title": "Overview"
            }
          }
        ]
      }
    ],
    "direction": "vertical"
  },
  "left": {
    "id": "c692ce50ef645da6",
    "type": "split",
    "children": [
      {
        "id": "91983cb47110c580",
        "type": "tabs",
        "children": [
          {
            "id": "7e5b016cb7ebe73e",
            "type": "leaf",
            "state": {
              "type": "file-explorer",
              "state": {
                "sortOrder": "alphabetical",
                "autoReveal": false
              },
              "icon": "lucide-folder-closed",
              "title": "Files"
            }
          },
          {
            "id": "b225bad01b85cbbf",
            "type": "leaf",
            "state": {
              "type": "search",
              "state": {
                "query": "Noir",
                "matchingCase": false,
                "explainSearch": false,
                "collapseAll": false,
                "extraContext": false,
                "sortOrder": "alphabetical"
              },
              "icon": "lucide-search",
              "title": "Search"
            }
          },
          {
            "id": "6c044d871e36d0ca",
            "type": "leaf",
            "state": {
              "type": "bookmarks",
              "state": {},
              "icon": "lucide-bookmark",
              "title": "Bookmarks"
            }
          },
          {
            "id": "5ae52a0ec8c94593",
            "type": "leaf",
            "state": {
              "type": "mk-path-view",
              "state": {},
              "icon": "layout-grid",
              "title": "Navigator"
            }
          }
        ],
        "currentTab": 3
      }
    ],
    "direction": "horizontal",
    "width": 300
  },
  "right": {
    "id": "2b5435dba803a281",
    "type": "split",
    "children": [
      {
        "id": "f171eff9e4562c5d",
        "type": "tabs",
        "children": [
          {
            "id": "0555bd4a3b0aac71",
            "type": "leaf",
            "state": {
              "type": "backlink",
              "state": {
                "file": "Basic concepts.md",
                "collapseAll": false,
                "extraContext": false,
                "sortOrder": "alphabetical",
                "showSearch": false,
                "searchQuery": "",
                "backlinkCollapsed": false,
                "unlinkedCollapsed": true
              },
              "icon": "links-coming-in",
              "title": "Backlinks for Basic concepts"
            }
          },
          {
            "id": "84c457ff483e9f98",
            "type": "leaf",
            "state": {
              "type": "outgoing-link",
              "state": {
                "file": "Basic concepts.md",
                "linksCollapsed": false,
                "unlinkedCollapsed": true
              },
              "icon": "links-going-out",
              "title": "Outgoing links from Basic concepts"
            }
          },
          {
            "id": "3e13b88ce7aef58d",
            "type": "leaf",
            "state": {
              "type": "tag",
              "state": {
                "sortOrder": "frequency",
                "useHierarchy": true,
                "showSearch": false,
                "searchQuery": ""
              },
              "icon": "lucide-tags",
              "title": "Tags"
            }
          },
          {
            "id": "3a7e7ea6f1bb831e",
            "type": "leaf",
            "state": {
              "type": "all-properties",
              "state": {
                "sortOrder": "frequency",
                "showSearch": false,
                "searchQuery": ""
              },
              "icon": "lucide-archive",
              "title": "All properties"
            }
          },
          {
            "id": "05a2f27fae1ecdfa",
            "type": "leaf",
            "state": {
              "type": "outline",
              "state": {
                "file": "Game Design Document/Automation Systems/Materials/Tier 2/Electrum Catalyst.md",
                "followCursor": false,
                "showSearch": false,
                "searchQuery": ""
              },
              "icon": "lucide-list",
              "title": "Outline of Electrum Catalyst"
            }
          },
          {
            "id": "6cb192e8ceda63d8",
            "type": "leaf",
            "state": {
              "type": "timer-view",
              "state": {},
              "icon": "timer",
              "title": "Timer"
            }
          }
        ],
        "currentTab": 5
      }
    ],
    "direction": "horizontal",
    "width": 300
  },
  "left-ribbon": {
    "hiddenItems": {
      "switcher:Open quick switcher": false,
      "graph:Open graph view": false,
      "canvas:Create new canvas": false,
      "daily-notes:Open today's daily note": false,
      "templates:Insert template": false,
      "command-palette:Open command palette": false,
      "bases:Create new base": false,
      "pomodoro-timer:Toggle timer panel": false,
      "publish:Publish changes...": false,
      "homepage:Open homepage": false
    }
  },
  "active": "e7a7b303c61786dc",
  "lastOpenFiles": [
    "Game Design Document/Overview.md",
    "radar.png",
    "drill.png",
    "drill.ase",
    "Game Design Document/Automation Systems/Automation Systems.md",
    "fluid_pipe.ase",
    "pipe.ase",
    "Game Design Document/Automation Systems/Extracting Systems/Pump.md",
    "Game Design Document/Automation Systems/Extracting Systems/Drill.md",
    "Game Design Document/Automation Systems/Extracting Systems/Composter.md",
    "Game Design Document/Automation Systems/Logistic Systems/Item Pipes.md",
    "Game Design Document/Automation Systems/Logistic Systems/Fluid Pipes.md",
    "Game Design Document/Automation Systems/Extracting Systems/Mines.md",
    "Game Design Document/Usables/Usables.md",
    "Game Design Document/Usables",
    "Game Design Document/Automation Systems/Materials/Materials.md",
    "Game Design Document/Automation Systems/Processing Systems/Processing Systems.md",
    "Game Design Document/Automation Systems/Materials/Tier 0/Tier 0.md",
    "Game Design Document/Automation Systems/Materials/Recipe Tree.canvas",
    "Game Design Document/Building/Building Credits.md",
    "Game Design Document/Automation Systems/Materials/Tier 5/Neurotransmitter.md",
    "Game Design Document/Automation Systems/Materials/Tier 5/Liquid Ethanol.md",
    "Game Design Document/Automation Systems/Materials/Tier 5/Eldrict Laser.md",
    "Game Design Document/Automation Systems/Materials/Tier 5/Accelerator.md",
    "Game Design Document/Automation Systems/Materials/Tier 4/Tier 4.md",
    "Game Design Document/Automation Systems/Materials/Tier 4/Transmission box.md",
    "Game Design Document/Automation Systems/Materials/Tier 4/Circuit board.md",
    "Game Design Document/Automation Systems/Materials/Tier 3/Motor.md",
    "Game Design Document/Automation Systems/Materials/Tier 3/Plating.md",
    "Game Design Document/Automation Systems/Materials/Tier 3/Electrum Catalyst.md",
    "Game Design Document/Automation Systems/Materials/Tier 3/Magnetic coil.md",
    "Game Design Document/Automation Systems/Materials/Tier 5/Optical sensor.md",
    "Game Design Document/Automation Systems/Materials/Tier 5",
    "Tags",
    "Game Design Document/Automation Systems/Logistic Systems",
    "Game Design Document/Automation Systems/Extracting Systems",
    "Game Design Document/Automation Systems/Materials/Tier 4",
    "Game Design Document/Automation Systems/Materials/Tier 3",
    "Untitled.canvas",
    "test_img.png",
    "Game Design Document/ObsidianImages/Pasted Image 20260121132947_349.png",
    "Game Design Document/ObsidianImages/Pasted Image 20260121132737_542.png",
    "Game Design Document/ObsidianImages/Pasted Image 20260121132247_502.png",
    "Game Design Document/ObsidianImages/Pasted Image 20260121133059_363.png",
    "Game Design Document/ObsidianImages/Pasted Image 20260121132116_566.png",
    "Game Design Document/ObsidianImages/Pasted Image 20260121132147_384.png",
    "Game Design Document/ObsidianImages/Pasted Image 20260121132047_607.png"
  ]
}