{
  "main": {
    "id": "d3bf8a491a6f1b54",
    "type": "split",
    "children": [
      {
        "id": "428fc865d0591560",
        "type": "tabs",
        "children": [
          {
            "id": "cbfded849e4e4392",
            "type": "leaf",
            "state": {
              "type": "empty",
              "state": {},
              "icon": "lucide-file",
              "title": "New tab"
            }
          }
        ]
      }
    ],
    "direction": "vertical"
  },
  "left": {
    "id": "c692ce50ef645da6",
    "type": "split",
    "children": [
      {
        "id": "91983cb47110c580",
        "type": "tabs",
        "children": [
          {
            "id": "7e5b016cb7ebe73e",
            "type": "leaf",
            "state": {
              "type": "file-explorer",
              "state": {
                "sortOrder": "alphabetical",
                "autoReveal": false
              },
              "icon": "lucide-folder-closed",
              "title": "Files"
            }
          },
          {
            "id": "b225bad01b85cbbf",
            "type": "leaf",
            "state": {
              "type": "search",
              "state": {
                "query": "",
                "matchingCase": false,
                "explainSearch": false,
                "collapseAll": false,
                "extraContext": false,
                "sortOrder": "alphabetical"
              },
              "icon": "lucide-search",
              "title": "Search"
            }
          },
          {
            "id": "6c044d871e36d0ca",
            "type": "leaf",
            "state": {
              "type": "bookmarks",
              "state": {},
              "icon": "lucide-bookmark",
              "title": "Bookmarks"
            }
          }
        ]
      }
    ],
    "direction": "horizontal",
    "width": 300
  },
  "right": {
    "id": "2b5435dba803a281",
    "type": "split",
    "children": [
      {
        "id": "f171eff9e4562c5d",
        "type": "tabs",
        "children": [
          {
            "id": "0555bd4a3b0aac71",
            "type": "leaf",
            "state": {
              "type": "backlink",
              "state": {
                "file": "Basic concepts.md",
                "collapseAll": false,
                "extraContext": false,
                "sortOrder": "alphabetical",
                "showSearch": false,
                "searchQuery": "",
                "backlinkCollapsed": false,
                "unlinkedCollapsed": true
              },
              "icon": "links-coming-in",
              "title": "Backlinks for Basic concepts"
            }
          },
          {
            "id": "84c457ff483e9f98",
            "type": "leaf",
            "state": {
              "type": "outgoing-link",
              "state": {
                "file": "Basic concepts.md",
                "linksCollapsed": false,
                "unlinkedCollapsed": true
              },
              "icon": "links-going-out",
              "title": "Outgoing links from Basic concepts"
            }
          },
          {
            "id": "3e13b88ce7aef58d",
            "type": "leaf",
            "state": {
              "type": "tag",
              "state": {
                "sortOrder": "frequency",
                "useHierarchy": true,
                "showSearch": false,
                "searchQuery": ""
              },
              "icon": "lucide-tags",
              "title": "Tags"
            }
          },
          {
            "id": "3a7e7ea6f1bb831e",
            "type": "leaf",
            "state": {
              "type": "all-properties",
              "state": {
                "sortOrder": "frequency",
                "showSearch": false,
                "searchQuery": ""
              },
              "icon": "lucide-archive",
              "title": "All properties"
            }
          },
          {
            "id": "05a2f27fae1ecdfa",
            "type": "leaf",
            "state": {
              "type": "outline",
              "state": {
                "file": "Basic concepts.md",
                "followCursor": false,
                "showSearch": false,
                "searchQuery": ""
              },
              "icon": "lucide-list",
              "title": "Outline of Basic concepts"
            }
          }
        ]
      }
    ],
    "direction": "horizontal",
    "width": 300,
    "collapsed": true
  },
  "left-ribbon": {
    "hiddenItems": {
      "switcher:Open quick switcher": false,
      "graph:Open graph view": false,
      "canvas:Create new canvas": false,
      "daily-notes:Open today's daily note": false,
      "templates:Insert template": false,
      "command-palette:Open command palette": false,
      "bases:Create new base": false,
      "obsidian-excalidraw-plugin:New drawing": false
    }
  },
  "active": "cbfded849e4e4392",
  "lastOpenFiles": [
    "Concept/Concept.md",
    "Concept",
    "Basic concepts.md",
    "ObsidianImages/Pasted Image 20260121133059_363.png",
    "ObsidianImages/Pasted Image 20260121132147_384.png",
    "ObsidianImages/Pasted Image 20260121132247_502.png",
    "ObsidianImages/Pasted Image 20260121132737_542.png",
    "ObsidianImages/Pasted Image 20260121132947_349.png",
    "ObsidianImages",
    "test_img.png",
    "ObsidianImages/Pasted Image 20260121132116_566.png",
    "ObsidianImages/Pasted Image 20260121132047_607.png",
    "ObsidianImages/Pasted Image 20260121132013_571.png",
    "ObsidianImages/Pasted Image 20260121131908_407.png",
    "concept2.ase"
  ]
}